mutation,drug,ic50-prefix,ic50
P223S,GNF2,,7.849648781941701
P223S,asciminib,,24.619063692463154
P223S,bosutinib,,0.720955064044063
P223S,dasatinib,,0.8317882059322647
P223S,imatinib,,0.6965989523610343
P223S,nilotinib,,0.8231338177247308
P223S,ponatinib,,0.8612679640158751
M244V,axitinib,,0.6993343195266272
M244V,bafetinib,,5.717462393721387
M244V,bosutinib,,1.083566932567243
M244V,dasatinib,,1.451671502328015
M244V,imatinib,,2.5485085194490327
M244V,nilotinib,,1.6456813384691387
M244V,ponatinib,,3.5756014066723316
M244V,rebastinib,,1.0494972163475533
K247N,imatinib,~,1.888888888888889
K247N,nilotinib,>,9.0
L248R,bosutinib,,22.939903846153843
L248R,dasatinib,,12.325061095654192
L248R,imatinib,,14.573055028463
L248R,nilotinib,,33.28339536134588
L248R,ponatinib,,6.190476190476189
L248R,rebastinib,,0.3799126637554585
L248V,bosutinib,,3.5432692307692313
L248V,dasatinib,,5.222222222222223
L248V,imatinib,,3.5407969639468697
L248V,nilotinib,,2.796610169491526
L248V,ponatinib,,3.3809523809523805
L248V,rebastinib,,1.2838427947598254
G250E,axitinib,,1.381533530571992
G250E,bafetinib,,5.572269457161544
G250E,bosutinib,,3.931800741639929
G250E,dasatinib,,1.5062030254185397
G250E,imatinib,,6.368616585575786
G250E,nilotinib,,4.736390532885646
G250E,ponatinib,,5.1502549379355385
G250E,rebastinib,,4.991316655837709
G250H,GNF2,,0.8361349571342362
G250H,asciminib,,1.2148080689736018
G250H,bosutinib,,0.7155923903320945
G250H,dasatinib,,0.9764549797215546
G250H,imatinib,,0.8525300280363806
G250H,nilotinib,,1.0550093004023566
G250H,ponatinib,,0.9360424941752608
Q252H,GNF2,,8.414327831130104
Q252H,asciminib,,17.95892381898622
Q252H,axitinib,,1.1925542406311636
Q252H,bafetinib,,5.808371484630476
Q252H,bosutinib,,0.9751492441944649
Q252H,dasatinib,,1.444955213521947
Q252H,imatinib,,2.7805708188514155
Q252H,nilotinib,,2.418019307589264
Q252H,ponatinib,,5.565020435034183
Q252H,rebastinib,,2.279169200782823
Y253C,imatinib,~,22.22222222222222
Y253C,nilotinib,>,60.0
Y253F,bafetinib,,3.2099411379986913
Y253F,bosutinib,,0.9615384615384615
Y253F,dasatinib,,0.814684722750131
Y253F,imatinib,,8.935517328437507
Y253F,nilotinib,,3.6135153876867974
Y253F,ponatinib,,4.560701700396551
Y253F,rebastinib,,2.253275109170306
Y253H,GNF2,,1.4778969107836466
Y253H,asciminib,,2.8138379283454653
Y253H,axitinib,,1.318663708086785
Y253H,bosutinib,,0.9106031542676212
Y253H,dasatinib,,1.8441615835633307
Y253H,imatinib,,15.949937686934751
Y253H,nilotinib,,34.889185162534524
Y253H,ponatinib,,5.281608386456004
Y253H,rebastinib,,4.082737381673963
E255K,GNF2,,2.0359419093718993
E255K,asciminib,,3.8638246848062328
E255K,bosutinib,,4.067589794126933
E255K,dasatinib,,7.529122400972131
E255K,imatinib,,12.509386523487057
E255K,nilotinib,,13.991472634252473
E255K,ponatinib,,11.819735160186871
E255K,rebastinib,,3.541484716157205
E255V,GNF2,,1.1941857311767716
E255V,asciminib,,1.9195052588606347
E255V,axitinib,,1.251232741617357
E255V,bosutinib,,2.6506438008241955
E255V,dasatinib,,3.7589050817662866
E255V,imatinib,,10.97681331662885
E255V,nilotinib,,27.60182611887366
E255V,ponatinib,,11.28354812568892
E255V,rebastinib,,5.203566016808844
V256A,imatinib,,1.0
A269V,imatinib,,1.8333333333333333
L273F,imatinib,,1.6666666666666667
L273F,nilotinib,>,5.1000000000000005
D276G,bosutinib,,0.6009615384615384
D276G,dasatinib,,1.4444444444444444
D276G,imatinib,,2.176470588235294
D276G,nilotinib,,1.9943502824858756
D276G,ponatinib,,2.0952380952380953
D276G,rebastinib,,4.449781659388647
E279K,bosutinib,,0.9543269230769231
E279K,dasatinib,,1.6666666666666665
E279K,imatinib,,7.361102472316925
E279K,nilotinib,,2.480431892409335
E279K,ponatinib,,2.9523809523809526
E279K,rebastinib,,6.515283842794759
E282D,imatinib,,2.0030816640986133
E282D,nilotinib,,1.56
E282K,imatinib,~,3.444444444444445
E282K,nilotinib,>,15.000000000000004
K285N,imatinib,~,7.777777777777778
K285N,nilotinib,~,49.99999999999999
V289L,imatinib,,2.2222222222222223
V289L,nilotinib,>,2.5
V289S,imatinib,,2.243520602624733
V289S,nilotinib,,0.27999999999999997
E292K,imatinib,~,3.333333333333334
E292K,nilotinib,>,9.0
E292L,bosutinib,,1.1298076923076923
E292L,dasatinib,,1.3888888888888888
E292L,imatinib,,0.6836812144212524
E292L,nilotinib,,1.819209039548023
E292L,ponatinib,,2.0
E292L,rebastinib,,0.9956331877729259
K294E,GNF2,,11.51614143116359
K294E,asciminib,,29.993060747152647
K294E,bosutinib,,0.5500764591126537
K294E,dasatinib,,0.48221448410975615
K294E,imatinib,,0.4837173573891219
K294E,nilotinib,,0.6809050521799787
K294E,ponatinib,,0.6716928244741476
N297T,imatinib,,1.4444444444444444
N297T,nilotinib,>,3.0
V299L,GNF2,,4.2213259490576505
V299L,asciminib,,10.067155184192066
V299L,axitinib,,0.31644477317554237
V299L,bosutinib,,13.648554191523145
V299L,dasatinib,,10.327362031114955
V299L,imatinib,,1.8329924602256507
V299L,nilotinib,,1.8072018852326392
V299L,ponatinib,,1.217951473611912
V299L,rebastinib,,0.5087114258284511
F311I,axitinib,,1.153353057199211
F311I,bosutinib,,1.5143369175627241
F311I,dasatinib,,0.9642857142857144
F311I,imatinib,,7.375113887804243
F311I,nilotinib,,3.6456140350877195
F311I,ponatinib,,3.4358974358974357
F311I,rebastinib,,1.7515762925598992
F311L,dasatinib,,1.625
F311L,imatinib,,1.8461538461538463
F311L,nilotinib,,1.7692307692307692
T315A,bafetinib,,2.76324395029431
T315A,bosutinib,,6.007211538461537
T315A,dasatinib,,74.74389662653894
T315A,imatinib,,1.9939634315386037
T315A,nilotinib,,1.9935482296049178
T315A,ponatinib,,1.1710800875382399
T315A,rebastinib,,0.44541484716157204
T315I,GNF2,,6.273746306327445
T315I,asciminib,,12.559644839680836
T315I,axitinib,,0.15701995791558643
T315I,bafetinib,>,13.080444735120997
T315I,bosutinib,,17.05692436919942
T315I,dasatinib,,806.3175381552521
T315I,imatinib,,27.698450321110865
T315I,nilotinib,,266.758990394449
T315I,ponatinib,,5.594852973885459
T315I,rebastinib,,1.3320501138868368
T315M,axitinib,,0.9070512820512819
T315M,bosutinib,,47.87634408602151
T315M,dasatinib,>,274.2857142857143
T315M,imatinib,>,13.32812703371079
T315M,nilotinib,>,179.64912280701756
T315M,ponatinib,,148.07692307692312
T315M,rebastinib,,29.82723833543505
T315S,imatinib,,6.333333333333333
T315V,bosutinib,,29.326923076923073
T315V,dasatinib,,751.1111111111113
T315V,imatinib,,12.159392789373813
T315V,nilotinib,,56.94915254237288
T315V,ponatinib,,2.142857142857143
T315V,rebastinib,,0.5502183406113538
F317L,axitinib,,1.635489276890917
F317L,bafetinib,,1.9195552648790057
F317L,bosutinib,,2.317454909310204
F317L,dasatinib,,6.589483979108229
F317L,imatinib,,3.493720789392508
F317L,nilotinib,,2.9332387308475614
F317L,ponatinib,,1.5345988258439702
F317L,rebastinib,,2.0158406151488477
F317R,bosutinib,,33.53365384615385
F317R,dasatinib,,116.66666666666663
F317R,imatinib,,2.301707779886148
F317R,nilotinib,,2.2598870056497176
F317R,ponatinib,,4.9523809523809526
F317R,rebastinib,,21.017467248908304
F317V,bafetinib,,1.8574231523871811
F317V,bosutinib,,11.528846153846152
F317V,dasatinib,,29.94390583679367
F317V,imatinib,,0.7198628377760449
F317V,nilotinib,,0.5890716555827735
F317V,ponatinib,,6.831300510639732
F317V,rebastinib,,6.585152838427947
M318A,imatinib,,1.0
G321W,imatinib,,2.5
A337V,GNF2,,90.48904865690245
A337V,asciminib,,744.6360719810605
A337V,bosutinib,,0.9815314298109353
A337V,dasatinib,,0.9792444927494286
A337V,imatinib,,0.907000063350128
A337V,nilotinib,,1.0421687861407025
A337V,ponatinib,,0.9530487272829752
M343T,bosutinib,,1.1081730769230769
M343T,dasatinib,,0.888888888888889
M343T,imatinib,,1.196584440227704
M343T,nilotinib,,0.7966101694915254
M343T,ponatinib,,0.9523809523809523
M343T,rebastinib,,0.9650655021834063
M351T,axitinib,,1.1343688362919133
M351T,bafetinib,,3.8122956180510132
M351T,bosutinib,,0.7995908538113472
M351T,dasatinib,,1.0971240725946543
M351T,imatinib,,2.733977983312355
M351T,nilotinib,,0.9938967596005671
M351T,ponatinib,,2.0465282161876264
M351T,rebastinib,,1.719499578295938
E355G,GNF2,,8.953518830727198
E355G,asciminib,,15.346392948222285
E355G,bosutinib,,0.6281549006272099
E355G,dasatinib,,0.7109349243371622
E355G,imatinib,,2.5602843689484476
E355G,nilotinib,,1.3694070598148422
E355G,ponatinib,,0.7710767759967092
F359I,bosutinib,,2.9375
F359I,dasatinib,,3.0555555555555554
F359I,imatinib,,5.9715370018975324
F359I,nilotinib,,16.293785310734464
F359I,ponatinib,,2.9523809523809526
F359I,rebastinib,,0.7379912663755458
F359V,GNF2,,8.0701188615265
F359V,asciminib,,18.976718828070915
F359V,axitinib,,0.6860207100591715
F359V,bosutinib,,1.0447016594427971
F359V,dasatinib,,1.4507956156504154
F359V,imatinib,,3.995796667521377
F359V,nilotinib,,7.5788432249621565
F359V,ponatinib,,4.695446607714414
F359V,rebastinib,,2.1205200117255765
H375P,imatinib,,2.4444444444444446
H375P,nilotinib,>,5.000000000000001
V379l,dasatinib,,1.0
V379l,imatinib,,6.269230769230769
V379l,nilotinib,,3.9230769230769225
L384M,bosutinib,,0.46875
L384M,dasatinib,,2.2222222222222223
L384M,imatinib,,2.3496876837750236
L384M,nilotinib,,1.9055672228179112
L384M,ponatinib,,2.4383556408556397
L384M,rebastinib,,0.8777292576419216
L387M,dasatinib,,2.5
L387M,imatinib,,3.8461538461538463
L387M,nilotinib,,3.769230769230769
L387M,ponatinib,,2.6666666666666665
H396P,bafetinib,,1.8319162851536952
H396P,bosutinib,,0.43509615384615385
H396P,dasatinib,,0.4391048339680288
H396P,imatinib,,2.817879814705387
H396P,nilotinib,,2.2695692919707033
H396P,ponatinib,,1.7126976771553506
H396P,rebastinib,,1.4585152838427948
H396R,axitinib,,0.6958826429980276
H396R,bosutinib,,1.0980471878870135
H396R,dasatinib,,1.595626074714977
H396R,imatinib,,5.157609949549683
H396R,nilotinib,,2.962007636638316
H396R,ponatinib,,5.538741344173393
H396R,rebastinib,,1.6120208468061508
T406I,imatinib,~,3.111111111111111
T406I,nilotinib,>,7.999999999999999
W430L,imatinib,,1.7777777777777777
W430L,nilotinib,>,9.0
E431G,imatinib,~,1.4444444444444444
E431G,nilotinib,>,3.5000000000000004
E459K,GNF2,,2.8290800135830834
E459K,asciminib,,4.943951138821065
E459K,bosutinib,,0.6850000271676994
E459K,dasatinib,,0.8207821881026688
E459K,imatinib,,2.2218194909958098
E459K,nilotinib,,2.6159226662102544
E459K,ponatinib,,2.0117326029021845
P465S,GNF2,,83.01276078372341
P465S,asciminib,,605.9576893994633
P465S,bosutinib,,0.791361664746011
P465S,dasatinib,,0.8243355320085393
P465S,imatinib,,1.0186612303927494
P465S,nilotinib,,0.9380257912858254
P465S,ponatinib,,0.9853561802934941
V468F,GNF2,,44.1129242642785
V468F,asciminib,,529.3184360095366
V468F,bosutinib,,0.7456990955350699
V468F,dasatinib,,0.48122975440641597
V468F,imatinib,,0.722043672586266
V468F,nilotinib,,0.6824239886016682
V468F,ponatinib,,0.425852520151511
F486S,bosutinib,,2.3100961538461537
F486S,dasatinib,,2.204792759220492
F486S,imatinib,,5.349673545547523
F486S,nilotinib,,2.684522358061729
F486S,ponatinib,,2.0476190476190474
F486S,rebastinib,,0.462882096069869
I502L,GNF2,,17.02951462554493
I502L,asciminib,,49.716820577253884
I502L,bosutinib,,0.6703551992771759
I502L,dasatinib,,0.7027802978208532
I502L,imatinib,,0.6213332645318659
I502L,nilotinib,,0.7621106634923551
I502L,ponatinib,,0.7841434855867851
M244V+T315I,axitinib,,0.10219428007889546
M244V+T315I,bosutinib,,33.393369175627235
M244V+T315I,dasatinib,>,274.2857142857143
M244V+T315I,imatinib,,12.840036444097361
M244V+T315I,nilotinib,,173.92982456140345
M244V+T315I,ponatinib,,7.461538461538461
M244V+T315I,rebastinib,,1.8612862547288778
M244V+M351T,ponatinib,,2.4761904761904763
M244V+E459K,ponatinib,,2.4761904761904763
L248R+F359I,bosutinib,,39.30288461538462
L248R+F359I,dasatinib,,13.944444444444448
L248R+F359I,imatinib,,11.698292220113853
L248R+F359I,nilotinib,,96.10169491525424
L248R+F359I,ponatinib,,17.714285714285715
L248R+F359I,rebastinib,,1.0043668122270744
G250E+V299L,axitinib,,0.9143244575936884
G250E+V299L,bosutinib,,35.723118279569896
G250E+V299L,dasatinib,,26.42857142857143
G250E+V299L,imatinib,,8.227645450995706
G250E+V299L,nilotinib,,12.592982456140348
G250E+V299L,ponatinib,,4.26173593297299
G250E+V299L,rebastinib,,3.0012610340479196
G250E+T315I,axitinib,,1.1031495775717284
G250E+T315I,bosutinib,,41.01254480286738
G250E+T315I,dasatinib,>,274.2857142857143
G250E+T315I,imatinib,>,13.32812703371079
G250E+T315I,nilotinib,>,179.64912280701756
G250E+T315I,ponatinib,,47.25428057824005
G250E+T315I,rebastinib,,12.517023959646908
G250E+M351T,ponatinib,,4.666666666666667
Q252H+T315I,axitinib,,0.394723865877712
Q252H+T315I,bosutinib,,26.586021505376348
Q252H+T315I,dasatinib,>,274.2857142857143
Q252H+T315I,imatinib,>,13.32812703371079
Q252H+T315I,nilotinib,>,179.64912280701756
Q252H+T315I,ponatinib,,29.307692307692303
Q252H+T315I,rebastinib,,8.817150063051702
Y253H+E255V,axitinib,,1.127465483234714
Y253H+E255V,bosutinib,,4.279569892473119
Y253H+E255V,dasatinib,,6.464285714285715
Y253H+E255V,imatinib,>,13.32812703371079
Y253H+E255V,nilotinib,>,179.64912280701756
Y253H+E255V,ponatinib,,52.17948717948717
Y253H+E255V,rebastinib,,27.98234552332913
Y253H+T315I,axitinib,,1.0918392504930967
Y253H+T315I,bosutinib,,35.46326164874552
Y253H+T315I,dasatinib,>,274.2857142857143
Y253H+T315I,imatinib,>,13.32812703371079
Y253H+T315I,nilotinib,>,179.64912280701756
Y253H+T315I,ponatinib,,91.76923076923077
Y253H+T315I,rebastinib,,13.591424968474152
Y253H+F317L,axitinib,,0.9272682445759369
Y253H+F317L,bosutinib,,1.8602150537634412
Y253H+F317L,dasatinib,,7.714285714285714
Y253H+F317L,imatinib,>,13.32812703371079
Y253H+F317L,nilotinib,>,179.64912280701756
Y253H+F317L,ponatinib,,7.0
Y253H+F317L,rebastinib,,15.292559899117276
Y253H+F359V,ponatinib,,11.285714285714283
E255V+V299L,axitinib,,1.1819526627218935
E255V+V299L,bosutinib,,35.08064516129033
E255V+V299L,dasatinib,,32.50000000000001
E255V+V299L,imatinib,>,13.32812703371079
E255V+V299L,nilotinib,,68.25087719298244
E255V+V299L,ponatinib,,9.201051062750423
E255V+V299L,rebastinib,,3.7112232030264813
E255V+T315I,axitinib,,1.2194188158793966
E255V+T315I,bosutinib,,39.37544802867383
E255V+T315I,dasatinib,>,274.2857142857143
E255V+T315I,imatinib,>,13.32812703371079
E255V+T315I,nilotinib,>,179.64912280701756
E255V+T315I,ponatinib,,141.88466312909804
E255V+T315I,rebastinib,,27.095838587641857
E255V+F317I,axitinib,,2.036363636363636
E255V+F317I,ponatinib,,16.666666666666668
E255V+F317L,axitinib,,1.7818181818181817
E255V+F317L,ponatinib,,14.285714285714283
E255V+M351T,ponatinib,,4.857142857142856
L298V+V299L,ponatinib,,2.0
V299L+F317L,axitinib,,0.9484714003944772
V299L+F317L,bosutinib,,46.090501792114694
V299L+F317L,dasatinib,,54.21428571428572
V299L+F317L,imatinib,,5.566445398932709
V299L+F317L,nilotinib,,5.049122807017544
V299L+F317L,ponatinib,,2.52581301361193
V299L+F317L,rebastinib,,1.9470365699873897
V299L+M351T,axitinib,,0.17578895463510844
V299L+M351T,bosutinib,,30.334229390681017
V299L+M351T,dasatinib,,11.749999999999998
V299L+M351T,imatinib,,3.383704282181439
V299L+M351T,nilotinib,,1.6789473684210527
V299L+M351T,ponatinib,,2.1116572778499023
V299L+M351T,rebastinib,,0.7313997477931904
V299L+F359V,axitinib,,0.18170611439842208
V299L+F359V,bosutinib,,37.56541218637993
V299L+F359V,dasatinib,,17.214285714285715
V299L+F359V,imatinib,,3.593257841988806
V299L+F359V,nilotinib,,12.105263157894738
V299L+F359V,ponatinib,,4.955972211550481
V299L+F359V,rebastinib,,2.1853720050441363
V299L+L384M,ponatinib,,4.142857142857142
V299L+L387M,ponatinib,,4.0476190476190474
V299L+E459K,ponatinib,,4.333333333333333
F311I+T315I,axitinib,,0.5285996055226825
F311I+T315I,bosutinib,,66.27240143369174
F311I+T315I,dasatinib,>,274.2857142857143
F311I+T315I,imatinib,>,13.32812703371079
F311I+T315I,nilotinib,>,179.64912280701756
F311I+T315I,ponatinib,,55.3076923076923
F311I+T315I,rebastinib,,5.235813366960908
F311L+T315I,ponatinib,,71.42857142857144
T315I+M351T,axitinib,,0.22990631163708083
T315I+M351T,bosutinib,,65.16129032258067
T315I+M351T,dasatinib,>,274.2857142857143
T315I+M351T,imatinib,>,13.32812703371079
T315I+M351T,nilotinib,>,179.64912280701756
T315I+M351T,ponatinib,,21.743589743589745
T315I+M351T,rebastinib,,5.8587641866330396
T315I+F359V,axitinib,,0.1296844181459566
T315I+F359V,bosutinib,,38.751792114695334
T315I+F359V,dasatinib,>,274.2857142857143
T315I+F359V,imatinib,>,13.32812703371079
T315I+F359V,nilotinib,>,179.64912280701756
T315I+F359V,ponatinib,,34.09746856641066
T315I+F359V,rebastinib,,12.046658259773015
T315I+L384M,axitinib,,0.13636363636363635
T315I+L384M,ponatinib,,25.23809523809524
T315I+L387M,axitinib,,0.13909090909090907
T315I+L387M,ponatinib,,26.19047619047619
T315I+H396R,axitinib,,0.1299156289570328
T315I+H396R,bosutinib,,44.119175627240146
T315I+H396R,dasatinib,>,274.2857142857143
T315I+H396R,imatinib,>,13.32812703371079
T315I+H396R,nilotinib,>,179.64912280701756
T315I+H396R,ponatinib,,28.35110410169424
T315I+H396R,rebastinib,,6.48171500630517
T315I+E453K,axitinib,,0.40039447731755423
T315I+E453K,bosutinib,,40.98118279569893
T315I+E453K,dasatinib,>,274.2857142857143
T315I+E453K,imatinib,>,13.32812703371079
T315I+E453K,nilotinib,>,179.64912280701756
T315I+E453K,ponatinib,,26.590550709930532
T315I+E453K,rebastinib,,4.071878940731399
T315I+E459K,axitinib,,0.14636363636363636
T315I+E459K,ponatinib,,29.523809523809522
F317L+M351T,ponatinib,,1.2857142857142858
F317L+F359V,axitinib,,1.3406487501151167
F317L+F359V,bosutinib,,3.96236559139785
F317L+F359V,dasatinib,,11.39285714285714
F317L+F359V,imatinib,,10.929714955095667
F317L+F359V,nilotinib,,33.06491228070176
F317L+F359V,ponatinib,,16.319460356420684
F317L+F359V,rebastinib,,16.05674653215637
F317L+L384M,axitinib,,1.3
F317L+L384M,ponatinib,,15.714285714285715
F317L+L387M,ponatinib,,2.571428571428572
F317L+E459K,axitinib,,1.3709090909090909
F317L+E459K,ponatinib,,13.571428571428571
